name,website
3D Aesthetics,https://www.olympiabeauty.co.uk/online/3d-aesthetics/
A and A Glitter LTD,https://www.olympiabeauty.co.uk/online/a-and-a-glitter-ltd/
AAXAcademy,https://www.olympiabeauty.co.uk/online/aaxacademy/
Aces & Dolls,https://www.olympiabeauty.co.uk/online/aces-dolls/
All That Sparkles,https://www.olympiabeauty.co.uk/online/all-that-sparkles/
Aquamassage Ltd,https://www.olympiabeauty.co.uk/online/aquamassage-ltd/
Artistic,https://www.olympiabeauty.co.uk/online/artistic/
BABTAC,https://www.olympiabeauty.co.uk/online/babtac/
Beauty City International,https://www.olympiabeauty.co.uk/online/beauty-city-international/
Bellezi Premium Wellness Equipment,https://www.olympiabeauty.co.uk/online/bellezi-premium-wellness-equipment/
Bio-Therapeutic UK & Ireland,https://www.olympiabeauty.co.uk/online/bio-therapeutic-uk-ireland/
BLUESKY,https://www.olympiabeauty.co.uk/online/bluesky/
British Beauty Council,https://www.olympiabeauty.co.uk/online/british-beauty-council/
Candle Spa,https://www.olympiabeauty.co.uk/online/candle-spa/
Celluma Light Therapy,https://www.olympiabeauty.co.uk/online/celluma-light-therapy/
CEW UK,https://www.olympiabeauty.co.uk/online/cew-uk/
City & Guilds,https://www.olympiabeauty.co.uk/online/city-guilds/
CNM College of Naturopathic Medicine,https://www.olympiabeauty.co.uk/online/cnm-college-of-naturopathic-medicine/
CNM Health Coach,https://www.olympiabeauty.co.uk/online/cnm-health-coach/
CNM Short Courses,https://www.olympiabeauty.co.uk/online/cnm-short-courses/
Coolherbals,https://www.olympiabeauty.co.uk/online/coolherbals/
Cosmaesthetics UK,https://www.olympiabeauty.co.uk/online/cosmaesthetics-uk/
Eldora False Eyelashes,https://www.olympiabeauty.co.uk/online/eldora-false-eyelashes/
Eldora Skin,https://www.olympiabeauty.co.uk/online/eldora-skin/
En Vogue UK,https://www.olympiabeauty.co.uk/online/en-vogue-uk/
EPN Pen,https://www.olympiabeauty.co.uk/online/epn-pen/
Famous Names,https://www.olympiabeauty.co.uk/online/famous-names/
Federation of Holistic Therapists (FHT),https://www.olympiabeauty.co.uk/online/federation-of-holistic-therapists-fht/
flirties,https://www.olympiabeauty.co.uk/online/flirties/
Footlogix,https://www.olympiabeauty.co.uk/online/footlogix/
Georgie Smedley Group,https://www.olympiabeauty.co.uk/online/georgie-smedley-group/
Glitter Body Art Ltd,https://www.olympiabeauty.co.uk/online/glitter-body-art-ltd/
Habia,https://www.olympiabeauty.co.uk/online/habia/
Hair & Beauty Charity,https://www.olympiabeauty.co.uk/online/hair-beauty-charity/
Hair and Barber Council,https://www.olympiabeauty.co.uk/online/hair-and-barber-council/
hairFED,https://www.olympiabeauty.co.uk/online/hairfed/
Hampson Beauty Supplies,https://www.olympiabeauty.co.uk/online/hampson-beauty-supplies/
Hampson Training Academy,https://www.olympiabeauty.co.uk/online/hampson-training-academy/
handolly,https://www.olympiabeauty.co.uk/online/handolly/
HD Brows,https://www.olympiabeauty.co.uk/online/hd-brows/
High Lash Couture,https://www.olympiabeauty.co.uk/online/high-lash-couture/
Hypnosis-Courses.com,https://www.olympiabeauty.co.uk/online/hypnosis-courses-com/
IKON.IQ PRIMA anti-allergy gel polish,https://www.olympiabeauty.co.uk/online/ikon-iq-prima-anti-allergy-gel-polish/
INK London,https://www.olympiabeauty.co.uk/online/ink-london/
Intermed Clinical,https://www.olympiabeauty.co.uk/online/intermed-clinical/
iTEC,https://www.olympiabeauty.co.uk/online/itec/
KB Pro,https://www.olympiabeauty.co.uk/online/kb-pro/
KG Professional,https://www.olympiabeauty.co.uk/online/kg-professional/
Kiara Sky Professional Nails,https://www.olympiabeauty.co.uk/online/kiara-sky-professional-nails/
L’Atelier Green Paris,https://www.olympiabeauty.co.uk/online/latelier-green-paris/
Laboratoire L’Esthetic – Paris,https://www.olympiabeauty.co.uk/online/laboratoire-lesthetic-paris/
Lash Perfect Academy,https://www.olympiabeauty.co.uk/online/lash-perfect-academy/
Lashfactor,https://www.olympiabeauty.co.uk/online/lashfactor/
LCN,https://www.olympiabeauty.co.uk/online/lcn/
Lipnv No Needle Filler,https://www.olympiabeauty.co.uk/online/lipnv-no-needle-filler/
London College of Beauty Therapy,https://www.olympiabeauty.co.uk/online/london-college-of-beauty-therapy/
Lycon UK,https://www.olympiabeauty.co.uk/online/lycon-uk/
Massage World Magazine,https://www.olympiabeauty.co.uk/online/massage-world-magazine/
MAVEX Switzerland,https://www.olympiabeauty.co.uk/online/mavex-switzerland/
Meraki Professional,https://www.olympiabeauty.co.uk/online/meraki-professional/
Mhfed,https://www.olympiabeauty.co.uk/online/mhfed/
Million Dollar Facial,https://www.olympiabeauty.co.uk/online/million-dollar-facial/
Mooeys Masters,https://www.olympiabeauty.co.uk/online/mooeys-masters/
Morgan Taylor,https://www.olympiabeauty.co.uk/online/morgan-taylor/
Nail & Beauty Network,https://www.olympiabeauty.co.uk/online/nail-beauty-network/
Nail Buddy,https://www.olympiabeauty.co.uk/online/nail-buddy/
Nail Order,https://www.olympiabeauty.co.uk/online/nail-order/
NailKnowledge,https://www.olympiabeauty.co.uk/online/nailknowledge/
Natural by Nature Oils,https://www.olympiabeauty.co.uk/online/natural-by-nature-oils/
Naturopath Magazine,https://www.olympiabeauty.co.uk/online/naturopath-magazine/
Nergish Wadia-Austin,https://www.olympiabeauty.co.uk/online/nergish-wadia-austin/
New Era Screens,https://www.olympiabeauty.co.uk/online/new-era-screens/
NG Pro Nails,https://www.olympiabeauty.co.uk/online/ng-pro-nails/
Nouveau Lashes,https://www.olympiabeauty.co.uk/online/nouveau-lashes/
OULAC,https://www.olympiabeauty.co.uk/online/oulac/
OXYjet UK,https://www.olympiabeauty.co.uk/online/oxyjet-uk/
PHAB Service Stars,https://www.olympiabeauty.co.uk/online/phab-service-stars/
Pharma Hermetic,https://www.olympiabeauty.co.uk/online/pharma-hermetic/
print by example,https://www.olympiabeauty.co.uk/online/print-by-example/
Pro Impressions,https://www.olympiabeauty.co.uk/online/pro-impressions/
PRP Lab,https://www.olympiabeauty.co.uk/online/prp-lab/
Purcy Chair Co.,https://www.olympiabeauty.co.uk/online/purcy-chair-co/
Pure Nails,https://www.olympiabeauty.co.uk/online/pure-nails/
REM UK LTD,https://www.olympiabeauty.co.uk/online/rem-uk-ltd/
ROOT MINERALS,https://www.olympiabeauty.co.uk/online/root-minerals/
Routine Skincare Box,https://www.olympiabeauty.co.uk/online/routine-skincare-box/
Sally Durant,https://www.olympiabeauty.co.uk/online/sally-durant/
Scratch magazine,https://www.olympiabeauty.co.uk/online/scratch-magazine/
Shop Beautiful,https://www.olympiabeauty.co.uk/online/shop-beautiful/
Skcin  Masced Online Skin Cancer Surveillance Training,https://www.olympiabeauty.co.uk/online/skcin-masced-online-skin-cancer-surveillance-training/
Skin Expert Academy,https://www.olympiabeauty.co.uk/online/skin-expert-academy/
Skintastic Aesthetics,https://www.olympiabeauty.co.uk/online/skintastic-aesthetics/
Skyncare,https://www.olympiabeauty.co.uk/online/skyncare/
Slowianka Nail Trends,https://www.olympiabeauty.co.uk/online/slowianka-nail-trends/
Songbird Naturals,https://www.olympiabeauty.co.uk/online/songbird-naturals/
Spa Towel,https://www.olympiabeauty.co.uk/online/spa-towel/
Streifen,https://www.olympiabeauty.co.uk/online/streifen/
Studex Piercing Systems,https://www.olympiabeauty.co.uk/online/studex-piercing-systems/
TBS Gel Polish Company,https://www.olympiabeauty.co.uk/online/tbs-gel-polish-company/
The Beauty Boss Academy,https://www.olympiabeauty.co.uk/online/the-beauty-boss-academy/
The Beauty Click UK,https://www.olympiabeauty.co.uk/online/the-beauty-click-uk/
The Clinical Academy,https://www.olympiabeauty.co.uk/online/the-clinical-academy/
The Edge Nails,https://www.olympiabeauty.co.uk/online/the-edge-nails/
The Federation of Nail Professionals,https://www.olympiabeauty.co.uk/online/the-federation-of-nail-professionals/
The GelBottle Inc,https://www.olympiabeauty.co.uk/online/the-gelbottle-inc/
The Online Beauty Courses,https://www.olympiabeauty.co.uk/online/the-online-beauty-courses/
The Smart Group,https://www.olympiabeauty.co.uk/online/the-smart-group/
The Unicorn’s Den,https://www.olympiabeauty.co.uk/online/the-unicorns-den/
Timely Salon & Spa Software,https://www.olympiabeauty.co.uk/online/timely-salon-spa-software/
Tooth Fairy Tooth Whitening and Tooth Crystals,https://www.olympiabeauty.co.uk/online/tooth-fairy-tooth-whitening-and-tooth-crystals/
UK Beauty Schools,https://www.olympiabeauty.co.uk/online/uk-beauty-schools/
VTCT,https://www.olympiabeauty.co.uk/online/vtct/
Vu Nail Systems,https://www.olympiabeauty.co.uk/online/vu-nail-systems/
Waxperts,https://www.olympiabeauty.co.uk/online/waxperts/
White&CO Cosmetics – Tooth Whitening Products & Systems,https://www.olympiabeauty.co.uk/online/whiteco-cosmetics-tooth-whitening-products-systems/
