name,website
1 Tree Cards,https://homeandgift.co.uk/exhibitor/1-tree-cards
2 toTango Ltd,https://homeandgift.co.uk/exhibitor/2-totango-ltd
Abbeyhorn (Established 1749),https://homeandgift.co.uk/exhibitor/abbeyhorn-established-1749
Accessories By Park Lane Ltd,https://homeandgift.co.uk/exhibitor/accessories-by-park-lane-ltd
A Gift From The Gods,https://homeandgift.co.uk/exhibitor/a-gift-from-the-gods-17817712
Alexander Thurlow Co,https://homeandgift.co.uk/exhibitor/alexander-thurlow-co
Alex Clark Art Ltd,https://homeandgift.co.uk/exhibitor/alex-clark-art-ltd
Alljoy Design,https://homeandgift.co.uk/exhibitor/alljoy-design
Amica Accessories/ Feltworks,https://homeandgift.co.uk/exhibitor/amica-accessories-feltworks
Angelababy LTD,https://homeandgift.co.uk/exhibitor/angelababy-ltd
Anna Falcke,https://homeandgift.co.uk/exhibitor/anna-falcke
An Unexpected Artist,https://homeandgift.co.uk/exhibitor/an-unexpected-artist
Apold Apothecary,https://homeandgift.co.uk/exhibitor/apold-apothecary
Arran Bay,https://homeandgift.co.uk/exhibitor/arran-bay
Article White,https://homeandgift.co.uk/exhibitor/article-white
Art Nouvocative,https://homeandgift.co.uk/exhibitor/art-nouvocative
Art Wow,https://homeandgift.co.uk/exhibitor/art-wow
Ayala Bar,https://homeandgift.co.uk/exhibitor/ayala-bar
A Year of Dates,https://homeandgift.co.uk/exhibitor/a-year-of-dates
Bachmann Europe plc,https://homeandgift.co.uk/exhibitor/bachmann-europe-plc
Bakedin,https://homeandgift.co.uk/exhibitor/bakedin
Bao-Med,https://homeandgift.co.uk/exhibitor/bao-med
Bath House,https://homeandgift.co.uk/exhibitor/bath-house
Belly Button Designs Ltd,https://homeandgift.co.uk/exhibitor/belly-button-designs-ltd
Berni Parker Designs,https://homeandgift.co.uk/exhibitor/berni-parker-designs
Bertie Girl,https://homeandgift.co.uk/exhibitor/bertie-girl
Bespoke Aroma,https://homeandgift.co.uk/exhibitor/bespoke-aroma
Best Kept Secrets Ltd,https://homeandgift.co.uk/exhibitor/best-kept-secrets-ltd
Best Years,https://homeandgift.co.uk/exhibitor/best-years
Betty Hula,https://homeandgift.co.uk/exhibitor/betty-hula
BIDBI,https://homeandgift.co.uk/exhibitor/bidbi
Big Metal,https://homeandgift.co.uk/exhibitor/big-metal
Black Dragon Crafts,https://homeandgift.co.uk/exhibitor/black-dragon-crafts
Black Sheep Creations,https://homeandgift.co.uk/exhibitor/black-sheep-creations
Black Yak Ltd,https://homeandgift.co.uk/exhibitor/black-yak-ltd
Blade & Rose,https://homeandgift.co.uk/exhibitor/blade--rose
Bomb Cosmetics,https://homeandgift.co.uk/exhibitor/bomb-cosmetics
Bronte by Moon,https://homeandgift.co.uk/exhibitor/bronte-by-moon
Bumblewrap,https://homeandgift.co.uk/exhibitor/bumblewrap
Bürstenhaus Redecker GmbH,https://homeandgift.co.uk/exhibitor/brstenhaus-redecker-gmbh
By Eloise,https://homeandgift.co.uk/exhibitor/by-eloise-3d41a07f
By Erin Ltd,https://homeandgift.co.uk/exhibitor/by-erin-ltd
by Molly&Izzie,https://homeandgift.co.uk/exhibitor/by-mollyizzie
Cadeaux,https://homeandgift.co.uk/exhibitor/cadeaux
Cadeaux Paperworks Ltd,https://homeandgift.co.uk/exhibitor/cadeaux-paperworks-ltd
Cairndale Labelling Systems,https://homeandgift.co.uk/exhibitor/cairndale-labelling-systems
Candyhouse Ltd,https://homeandgift.co.uk/exhibitor/candyhouse-ltd
Captain Fawcett,https://homeandgift.co.uk/exhibitor/captain-fawcett
Captivate Brands Ltd,https://homeandgift.co.uk/exhibitor/captivate-brands-ltd
Caroline Gardner Publishing,https://homeandgift.co.uk/exhibitor/caroline-gardner-publishing
Carrie Elspeth Ltd,https://homeandgift.co.uk/exhibitor/carrie-elspeth-ltd
Cavendish French Ltd,https://homeandgift.co.uk/exhibitor/cavendish-french-ltd
CHALK UK Ltd,https://homeandgift.co.uk/exhibitor/chalk-uk-ltd
Character Shop,https://homeandgift.co.uk/exhibitor/character-shop
Chris Lewis,https://homeandgift.co.uk/exhibitor/chris-lewis
Compton & Clarke,https://homeandgift.co.uk/exhibitor/compton--clarke
Coulson Macleod,https://homeandgift.co.uk/exhibitor/coulson-macleod
Country Creation,https://homeandgift.co.uk/exhibitor/country-creation
Crystal World,https://homeandgift.co.uk/exhibitor/crystal-world
Cycle of Good,https://homeandgift.co.uk/exhibitor/cycle-of-good
Cycle of Good,https://homeandgift.co.uk/exhibitor/cycle-of-good
Daisycat,https://homeandgift.co.uk/exhibitor/daisycat
Dandelion Stationery,https://homeandgift.co.uk/exhibitor/dandelion-stationery
Danielle Exclusive Creations Ltd,https://homeandgift.co.uk/exhibitor/danielle-exclusive-creations-ltd
Dartington Crystal Ltd,https://homeandgift.co.uk/exhibitor/dartington-crystal-ltd
David Fussenegger,https://homeandgift.co.uk/exhibitor/david-fussenegger
DCUK,https://homeandgift.co.uk/exhibitor/dcuk
Devaiya Oils,https://homeandgift.co.uk/exhibitor/devaiya-oils
Dimbleby Ceramics,https://homeandgift.co.uk/exhibitor/dimbleby-ceramics
Disney by Couture Kingdom,https://homeandgift.co.uk/exhibitor/disney-by-couture-kingdom
Dolphin Minerals,https://homeandgift.co.uk/exhibitor/dolphin-minerals
Dora Designs,https://homeandgift.co.uk/exhibitor/dora-designs
Doughnut,https://homeandgift.co.uk/exhibitor/doughnut
Dunoon,https://homeandgift.co.uk/exhibitor/dunoon
D&X Ltd,https://homeandgift.co.uk/exhibitor/dx-ltd
Earth Squared Ltd,https://homeandgift.co.uk/exhibitor/earth-squared-ltd
Eastern Counties Leather,https://homeandgift.co.uk/exhibitor/eastern-counties-leather
East Of India Ltd.,https://homeandgift.co.uk/exhibitor/east-of-india-ltd
EastWest,https://homeandgift.co.uk/exhibitor/eastwest
Ecochic,https://homeandgift.co.uk/exhibitor/ecochic
Eddingtons Ltd,https://homeandgift.co.uk/exhibitor/eddingtons-ltd
Edinburgh Honey Co.,https://homeandgift.co.uk/exhibitor/edinburgh-honey-co
Egos,https://homeandgift.co.uk/exhibitor/egos
Elegant By Design,https://homeandgift.co.uk/exhibitor/elegant-by-design
Eliza Gracious Ltd,https://homeandgift.co.uk/exhibitor/eliza-gracious-ltd
Elran Ltd,https://homeandgift.co.uk/exhibitor/elran-ltd-acb7035c
Emagination Store,https://homeandgift.co.uk/exhibitor/emagination-store
Emart Buy,https://homeandgift.co.uk/exhibitor/emart-buy
Emily Smith Ltd,https://homeandgift.co.uk/exhibitor/emily-smith-ltd
Emily Victoria Candles,https://homeandgift.co.uk/exhibitor/emily-victoria-candles
Emily Ward Art,https://homeandgift.co.uk/exhibitor/emily-ward-art
Emma's Soap,https://homeandgift.co.uk/exhibitor/emmas-soap
Emma Susie,https://homeandgift.co.uk/exhibitor/emma-susie
Enigma Supplies Ltd,https://homeandgift.co.uk/exhibitor/enigma-supplies-ltd
Envy Jewellery Ltd,https://homeandgift.co.uk/exhibitor/envy-jewellery-ltd
epp,https://homeandgift.co.uk/exhibitor/epp
Fab Gab Cards,https://homeandgift.co.uk/exhibitor/fab-gab-cards
Family Pashmina Export,https://homeandgift.co.uk/exhibitor/family-pashmina-export
Fancy Metal Goods Ltd,https://homeandgift.co.uk/exhibitor/fancy-metal-goods-ltd
F and J Collection,https://homeandgift.co.uk/exhibitor/f-and-j-collection
Felt So Good,https://homeandgift.co.uk/exhibitor/felt-so-good
Fimex UK Ltd,https://homeandgift.co.uk/exhibitor/fimex-uk-ltd
Forever England,https://homeandgift.co.uk/exhibitor/forever-england
Forma House Limited,https://homeandgift.co.uk/exhibitor/forma-house-limited
Foxfield Leather,https://homeandgift.co.uk/exhibitor/foxfield-leather
Funky Yak,https://homeandgift.co.uk/exhibitor/funky-yak
Fun Time Gifts Ltd,https://homeandgift.co.uk/exhibitor/fun-time-gifts-ltd
Gallery Direct Ltd,https://homeandgift.co.uk/exhibitor/gallery-direct-ltd-1e146490
GB eye Ltd,https://homeandgift.co.uk/exhibitor/gb-eye-ltd
Geoff Beckett Art,https://homeandgift.co.uk/exhibitor/geoff-beckett-art
Giftware Trading Co,https://homeandgift.co.uk/exhibitor/giftware-trading-co
Gin Etc,https://homeandgift.co.uk/exhibitor/gin-etc
Ginger Betty Ltd,https://homeandgift.co.uk/exhibitor/ginger-betty-ltd
Gingko,https://homeandgift.co.uk/exhibitor/gingko
Gisela Graham Ltd,https://homeandgift.co.uk/exhibitor/gisela-graham-ltd
Gist Jewellery,https://homeandgift.co.uk/exhibitor/gist-jewellery
Global Journey,https://homeandgift.co.uk/exhibitor/global-journey
Globe Enterprise,https://homeandgift.co.uk/exhibitor/globe-enterprise
Goodeehoo,https://homeandgift.co.uk/exhibitor/goodeehoo
Goodlookers(London) Ltd,https://homeandgift.co.uk/exhibitor/goodlookerslondon-ltd
Gracee Jewellery,https://homeandgift.co.uk/exhibitor/gracee-jewellery
Grand Illusions,https://homeandgift.co.uk/exhibitor/grand-illusions
Green Grove Weavers,https://homeandgift.co.uk/exhibitor/green-grove-weavers
Half Moon Bay Ltd,https://homeandgift.co.uk/exhibitor/half-moon-bay-ltd
Half Moon Bay Ltd,https://homeandgift.co.uk/exhibitor/half-moon-bay-ltd
HAUS,https://homeandgift.co.uk/exhibitor/haus
HCR Trading LTD,https://homeandgift.co.uk/exhibitor/hcr-trading-ltd
Heart Of The Country,https://homeandgift.co.uk/exhibitor/heart-of-the-country
Heathcote & Ivory Ltd,https://homeandgift.co.uk/exhibitor/heathcote--ivory-ltd
Heather Alstead,https://homeandgift.co.uk/exhibitor/heather-alstead
Heaven Scent Incense,https://homeandgift.co.uk/exhibitor/heaven-scent-incense
Hellmann Versand GMBH,https://homeandgift.co.uk/exhibitor/hellmann-versand-gmbh
Heyland and Whittle,https://homeandgift.co.uk/exhibitor/heyland-and-whittle
History & Heraldry,https://homeandgift.co.uk/exhibitor/history--heraldry
Home County Candle Co.,https://homeandgift.co.uk/exhibitor/home-county-candle-co
Honest-Love Our Planet,https://homeandgift.co.uk/exhibitor/honest-love-our-planet
Honey Darling Candle Company,https://homeandgift.co.uk/exhibitor/honey-darling-candle-company
Hot Tomato,https://homeandgift.co.uk/exhibitor/hot-tomato
House of Flavours,https://homeandgift.co.uk/exhibitor/house-of-flavours
House of Marbles,https://homeandgift.co.uk/exhibitor/house-of-marbles
House of Puzzles Ltd,https://homeandgift.co.uk/exhibitor/house-of-puzzles-ltd
How + Hill / Belle & Flo,https://homeandgift.co.uk/exhibitor/how--hill--belle--flo
Hubble Bubble Organics,https://homeandgift.co.uk/exhibitor/hubble-bubble-organics
iBeani,https://homeandgift.co.uk/exhibitor/ibeani
Icon Watches,https://homeandgift.co.uk/exhibitor/icon-watches
I love you this much,https://homeandgift.co.uk/exhibitor/i-love-you-this-much
Inis the energy of the sea,https://homeandgift.co.uk/exhibitor/inis-the-energy-of-the-sea
Inside Out Toys Ltd,https://homeandgift.co.uk/exhibitor/inside-out-toys-ltd
Intelex Limited,https://homeandgift.co.uk/exhibitor/intelex-limited
It's a Wonderful Store,https://homeandgift.co.uk/exhibitor/its-a-wonderful-store
Ivy and Twine Candles,https://homeandgift.co.uk/exhibitor/ivy-and-twine-candles
Jamali-Annay Designs,https://homeandgift.co.uk/exhibitor/jamali-annay-designs
Jane Buurman Handmade,https://homeandgift.co.uk/exhibitor/jane-buurman-handmade
Janie Wilson Cards,https://homeandgift.co.uk/exhibitor/janie-wilson-cards
J Boult Designs,https://homeandgift.co.uk/exhibitor/j-boult-designs
Jellycat Limited,https://homeandgift.co.uk/exhibitor/jellycat-limited
Jess and Lou,https://homeandgift.co.uk/exhibitor/jess-and-lou
Jewelcity,https://homeandgift.co.uk/exhibitor/jewelcity
JK Henderson,https://homeandgift.co.uk/exhibitor/jk-henderson
Joe Davies (Manchester),https://homeandgift.co.uk/exhibitor/joe-davies-manchester
Joe Davies (Manchester),https://homeandgift.co.uk/exhibitor/joe-davies-manchester
John Austin Postcards,https://homeandgift.co.uk/exhibitor/john-austin-postcards
Jomanda,https://homeandgift.co.uk/exhibitor/jomanda
Jormaepourri Ltd,https://homeandgift.co.uk/exhibitor/jormaepourri-ltd
JOYA,https://homeandgift.co.uk/exhibitor/joya
Jules Jules,https://homeandgift.co.uk/exhibitor/jules-jules
Julie Clarke Candles,https://homeandgift.co.uk/exhibitor/julie-clarke-candles
Julie Dodsworth,https://homeandgift.co.uk/exhibitor/julie-dodsworth
Jumini,https://homeandgift.co.uk/exhibitor/jumini-4849b507
Jura Toys UK Ltd,https://homeandgift.co.uk/exhibitor/jura-toys-uk-ltd
Kali Ma Designs Ltd,https://homeandgift.co.uk/exhibitor/kali-ma-designs-ltd
KARRMA HOMEWARE & LIFESTYLE,https://homeandgift.co.uk/exhibitor/karrma-homeware--lifestyle
Kelso and Titch,https://homeandgift.co.uk/exhibitor/kelso-and-titch
Kerez Ltd,https://homeandgift.co.uk/exhibitor/kerez-ltd
Kikkerland Europe BV,https://homeandgift.co.uk/exhibitor/kikkerland-europe-bv
Kitsch Republic,https://homeandgift.co.uk/exhibitor/kitsch-republic
KMI Brands,https://homeandgift.co.uk/exhibitor/kmi-brands
Kris-Ana,https://homeandgift.co.uk/exhibitor/kris-ana
Kushboo Soaps,https://homeandgift.co.uk/exhibitor/kushboo-soaps
La De Da Living,https://homeandgift.co.uk/exhibitor/la-de-da-living
Lagoon Group,https://homeandgift.co.uk/exhibitor/lagoon-group
Laura's Confectionery Ltd,https://homeandgift.co.uk/exhibitor/lauras-confectionery-ltd
Leather Guild,https://homeandgift.co.uk/exhibitor/leather-guild
LEFRIK INTERNET RETAIL SL,https://homeandgift.co.uk/exhibitor/lefrik-internet-retail-sl
Leona Stewart Glass,https://homeandgift.co.uk/exhibitor/leona-stewart-glass
Les Georgettes by Altesse,https://homeandgift.co.uk/exhibitor/les-georgettes-by-altesse
Life Charms,https://homeandgift.co.uk/exhibitor/life-charms
LIGA,https://homeandgift.co.uk/exhibitor/liga
Lime Tree Design,https://homeandgift.co.uk/exhibitor/lime-tree-design
Link Print and Packaging Ltd,https://homeandgift.co.uk/exhibitor/link-print-and-packaging-ltd
Lisa Angel LTD,https://homeandgift.co.uk/exhibitor/lisa-angel-ltd
Little Bird Told Me,https://homeandgift.co.uk/exhibitor/little-bird-told-me
Little Shop Of,https://homeandgift.co.uk/exhibitor/little-shop-of
Little Weaver Arts,https://homeandgift.co.uk/exhibitor/little-weaver-arts
London Ornaments,https://homeandgift.co.uk/exhibitor/london-ornaments
LOUISE REVILLE,https://homeandgift.co.uk/exhibitor/louise-reville
Love Country UK Ltd,https://homeandgift.co.uk/exhibitor/love-country-uk-ltd
Lovethelinks,https://homeandgift.co.uk/exhibitor/lovethelinks
Love Your Nation,https://homeandgift.co.uk/exhibitor/love-your-nation
Lua Ltd,https://homeandgift.co.uk/exhibitor/lua-ltd
Lucy Flint Jewellery,https://homeandgift.co.uk/exhibitor/lucy-flint-jewellery
Lund London,https://homeandgift.co.uk/exhibitor/lund-london
Luxa Ltd,https://homeandgift.co.uk/exhibitor/luxa-ltd
LV Clothing,https://homeandgift.co.uk/exhibitor/lv-clothing
Mad Beauty Ltd,https://homeandgift.co.uk/exhibitor/mad-beauty-ltd
Mallows Beauty,https://homeandgift.co.uk/exhibitor/mallows-beauty
Margarete Steiff GmbH,https://homeandgift.co.uk/exhibitor/margarete-steiff-gmbh
Marmalade of London,https://homeandgift.co.uk/exhibitor/marmalade-of-london
Mary Ann Rogers Gallery,https://homeandgift.co.uk/exhibitor/mary-ann-rogers-gallery
Mele & Co,https://homeandgift.co.uk/exhibitor/mele--co
Melissa & Doug,https://homeandgift.co.uk/exhibitor/melissa--doug
Melt,https://homeandgift.co.uk/exhibitor/melt
M.Golunski & Co Ltd,https://homeandgift.co.uk/exhibitor/mgolunski--co-ltd
Midhaven Ltd,https://homeandgift.co.uk/exhibitor/midhaven-ltd
Ministry of Soap,https://homeandgift.co.uk/exhibitor/ministry-of-soap
Miss Milly,https://homeandgift.co.uk/exhibitor/miss-milly
Miss Shorthair,https://homeandgift.co.uk/exhibitor/miss-shorthair
Miss Sparrow,https://homeandgift.co.uk/exhibitor/miss-sparrow
MOSNEY MILL LTD,https://homeandgift.co.uk/exhibitor/mosney-mill-ltd
Moult,https://homeandgift.co.uk/exhibitor/moult
M/S Maharaja Art Palace,https://homeandgift.co.uk/exhibitor/ms-maharaja-art-palace
MSS Watch Company,https://homeandgift.co.uk/exhibitor/mss-watch-company
Mustard & Gray,https://homeandgift.co.uk/exhibitor/mustard--gray
My Doris,https://homeandgift.co.uk/exhibitor/my-doris
My Gifts Trade,https://homeandgift.co.uk/exhibitor/my-gifts-trade
Natural Partners Limited,https://homeandgift.co.uk/exhibitor/natural-partners-limited
Navigate Ltd,https://homeandgift.co.uk/exhibitor/navigate-ltd
Newcom Distributors Ltd,https://homeandgift.co.uk/exhibitor/newcom-distributors-ltd-38749363
N.J. Products Ltd,https://homeandgift.co.uk/exhibitor/nj-products-ltd
NN Inspirational Gifts,https://homeandgift.co.uk/exhibitor/nn-inspirational-gifts
Noa Jewellery,https://homeandgift.co.uk/exhibitor/noa-jewellery
Norse Lifestyle Ltd,https://homeandgift.co.uk/exhibitor/norse-lifestyle-ltd
Nostara Ltd,https://homeandgift.co.uk/exhibitor/nostara-ltd
Nova Leathers (Bristol) Ltd,https://homeandgift.co.uk/exhibitor/nova-leathers-bristol-ltd
NOVELTEA,https://homeandgift.co.uk/exhibitor/noveltea
N Smith & Co Limited,https://homeandgift.co.uk/exhibitor/n-smith--co-limited
N.V.Bags & Accessories Ltd,https://homeandgift.co.uk/exhibitor/nvbags--accessories-ltd
One Hundred Stars Trading Ltd,https://homeandgift.co.uk/exhibitor/one-hundred-stars-trading-ltd
Opticaid UK Ltd,https://homeandgift.co.uk/exhibitor/opticaid-uk-ltd
Orchid Designs Ltd,https://homeandgift.co.uk/exhibitor/orchid-designs-ltd
Oriele Bronze,https://homeandgift.co.uk/exhibitor/oriele-bronze
Otus Designs Ltd,https://homeandgift.co.uk/exhibitor/otus-designs-ltd
Pachamama,https://homeandgift.co.uk/exhibitor/pachamama
Parterre Fragrances,https://homeandgift.co.uk/exhibitor/parterre-fragrances
Paul Lamond Games,https://homeandgift.co.uk/exhibitor/paul-lamond-games-80ce352e
Peacock Supplies,https://homeandgift.co.uk/exhibitor/peacock-supplies
Penny Lindop Designs Ltd,https://homeandgift.co.uk/exhibitor/penny-lindop-designs-ltd
Peony Accessories,https://homeandgift.co.uk/exhibitor/peony-accessories
Peper Harow Limited,https://homeandgift.co.uk/exhibitor/peper-harow-limited
Petals & Peas,https://homeandgift.co.uk/exhibitor/petals--peas
Pigment,https://homeandgift.co.uk/exhibitor/pigment
Pintail Candles,https://homeandgift.co.uk/exhibitor/pintail-candles
Pixalum,https://homeandgift.co.uk/exhibitor/pixalum
PoM,https://homeandgift.co.uk/exhibitor/pom
Portmeirion Group,https://homeandgift.co.uk/exhibitor/portmeirion-group
Potters Crouch Candles,https://homeandgift.co.uk/exhibitor/potters-crouch-candles
Powder Design Ltd,https://homeandgift.co.uk/exhibitor/powder-design-ltd
Powell-Craft Ltd,https://homeandgift.co.uk/exhibitor/powell-craft-ltd
PPD Paperproducts Design GmBH,https://homeandgift.co.uk/exhibitor/ppd-paperproducts-design-gmbh
Pr Accessories,https://homeandgift.co.uk/exhibitor/pr-accessories
Pretty Craft Ltd,https://homeandgift.co.uk/exhibitor/pretty-craft-ltd
Pretty Pens Ltd,https://homeandgift.co.uk/exhibitor/pretty-pens-ltd
Pretty Pink Jewellery,https://homeandgift.co.uk/exhibitor/pretty-pink-jewellery
PRETTY YOU LONDON,https://homeandgift.co.uk/exhibitor/pretty-you-london
Project Maya Seedball,https://homeandgift.co.uk/exhibitor/project-maya-seedball-eeb6c3cc
PURE FASHIONS,https://homeandgift.co.uk/exhibitor/pure-fashions
Pure Lakes Skincare Ltd,https://homeandgift.co.uk/exhibitor/pure-lakes-skincare-ltd
Quail Designs Ltd,https://homeandgift.co.uk/exhibitor/quail-designs-ltd
Räder GmbH,https://homeandgift.co.uk/exhibitor/rder-gmbh
Raisthorpe Manor,https://homeandgift.co.uk/exhibitor/raisthorpe-manor
Red Cuckoo,https://homeandgift.co.uk/exhibitor/red-cuckoo
Repeat Repeat,https://homeandgift.co.uk/exhibitor/repeat-repeat
Richard Lang & Son Ltd,https://homeandgift.co.uk/exhibitor/richard-lang--son-ltd
Rocksax,https://homeandgift.co.uk/exhibitor/rocksax
Rodney Holman,https://homeandgift.co.uk/exhibitor/rodney-holman
Roger La Borde,https://homeandgift.co.uk/exhibitor/roger-la-borde
ROKA BAGS,https://homeandgift.co.uk/exhibitor/roka-bags
Roy Anstey Design,https://homeandgift.co.uk/exhibitor/roy-anstey-design
Ryland Peters & Small / Paperstyle Books,https://homeandgift.co.uk/exhibitor/ryland-peters--small--paperstyle-books
Saddler,https://homeandgift.co.uk/exhibitor/saddler
Samantha Lois Illustrations,https://homeandgift.co.uk/exhibitor/samantha-lois-illustrations
Sam Wilson Studio,https://homeandgift.co.uk/exhibitor/sam-wilson-studio
Sarome UK,https://homeandgift.co.uk/exhibitor/sarome-uk
Say it With Songs,https://homeandgift.co.uk/exhibitor/say-it-with-songs
S-c Brands,https://homeandgift.co.uk/exhibitor/s-c-brands
Scottie & Russell,https://homeandgift.co.uk/exhibitor/scottie--russell
Selbrae House Ltd,https://homeandgift.co.uk/exhibitor/selbrae-house-ltd
S E V I N,https://homeandgift.co.uk/exhibitor/s-e-v-i-n
SHARPfrost,https://homeandgift.co.uk/exhibitor/sharpfrost
Shea Sassy,https://homeandgift.co.uk/exhibitor/shea-sassy
Shifa Aromas,https://homeandgift.co.uk/exhibitor/shifa-aromas
shmuncki,https://homeandgift.co.uk/exhibitor/shmuncki
Shrieking Violet,https://homeandgift.co.uk/exhibitor/shrieking-violet
SH Sales,https://homeandgift.co.uk/exhibitor/sh-sales
Sienna Glass,https://homeandgift.co.uk/exhibitor/sienna-glass
Silver Del Sol,https://homeandgift.co.uk/exhibitor/silver-del-sol
Silvex Images India Pvt. Ltd,https://homeandgift.co.uk/exhibitor/silvex-images-india-pvt-ltd
Simply Special,https://homeandgift.co.uk/exhibitor/simply-special
Siren Silver,https://homeandgift.co.uk/exhibitor/siren-silver
Slate & Silver Jewellery,https://homeandgift.co.uk/exhibitor/slate--silver-jewellery
SL Design,https://homeandgift.co.uk/exhibitor/sl-design
Snappy Crocodile,https://homeandgift.co.uk/exhibitor/snappy-crocodile
Sock Academy Ltd.,https://homeandgift.co.uk/exhibitor/sock-academy-ltd
Spice Kitchen,https://homeandgift.co.uk/exhibitor/spice-kitchen
Spoke925,https://homeandgift.co.uk/exhibitor/spoke925
Spotted Cow Creations,https://homeandgift.co.uk/exhibitor/spotted-cow-creations
StationX,https://homeandgift.co.uk/exhibitor/stationx
Steepletone UK Ltd,https://homeandgift.co.uk/exhibitor/steepletone-uk-ltd
Stephanie Davies,https://homeandgift.co.uk/exhibitor/stephanie-davies
Sting in the Tail,https://homeandgift.co.uk/exhibitor/sting-in-the-tail
STITCHFINITY,https://homeandgift.co.uk/exhibitor/stitchfinity
Stitching Me Softly,https://homeandgift.co.uk/exhibitor/stitching-me-softly
Strathurie (Scotland),https://homeandgift.co.uk/exhibitor/strathurie-scotland
Sue Fenlon Art,https://homeandgift.co.uk/exhibitor/sue-fenlon-art
Sue Pryke,https://homeandgift.co.uk/exhibitor/sue-pryke
Superbia Fashion Ltd,https://homeandgift.co.uk/exhibitor/superbia-fashion-ltd
Susan O'Hanlon,https://homeandgift.co.uk/exhibitor/susan-ohanlon
Suzie Blue,https://homeandgift.co.uk/exhibitor/suzie-blue
Swole Panda,https://homeandgift.co.uk/exhibitor/swole-panda
Talbot Fashion,https://homeandgift.co.uk/exhibitor/talbot-fashion
Talking Tables Ltd,https://homeandgift.co.uk/exhibitor/talking-tables-ltd
Tatty Co Ltd,https://homeandgift.co.uk/exhibitor/tatty-co-ltd
Tempest Designs,https://homeandgift.co.uk/exhibitor/tempest-designs
The Art File,https://homeandgift.co.uk/exhibitor/the-art-file
The Carat Shop Ltd,https://homeandgift.co.uk/exhibitor/the-carat-shop-ltd
The Crafty Kit Company,https://homeandgift.co.uk/exhibitor/the-crafty-kit-company
The English Soap Company,https://homeandgift.co.uk/exhibitor/the-english-soap-company
The English Tableware Company/David Mason Design Ltd,https://homeandgift.co.uk/exhibitor/the-english-tableware-companydavid-mason-design-ltd-e270afb9
The Gifted Stationery Company,https://homeandgift.co.uk/exhibitor/the-gifted-stationery-company
The Gourmet Chocolate Pizza Co Ltd,https://homeandgift.co.uk/exhibitor/the-gourmet-chocolate-pizza-co-ltd
The Great British Bee Co.,https://homeandgift.co.uk/exhibitor/the-great-british-bee-co
The Little Botanical,https://homeandgift.co.uk/exhibitor/the-little-botanical
The Northern Line,https://homeandgift.co.uk/exhibitor/the-northern-line
The Recycled Candle Company,https://homeandgift.co.uk/exhibitor/the-recycled-candle-company
The Right Kit,https://homeandgift.co.uk/exhibitor/the-right-kit
The Somerset Toiletry Company,https://homeandgift.co.uk/exhibitor/the-somerset-toiletry-company
The Sugar Shed,https://homeandgift.co.uk/exhibitor/the-sugar-shed
The Tie Studio,https://homeandgift.co.uk/exhibitor/the-tie-studio
The Tinsmiths Limited,https://homeandgift.co.uk/exhibitor/the-tinsmiths-limited
The Wax House,https://homeandgift.co.uk/exhibitor/the-wax-house
The Wheat Bag Company,https://homeandgift.co.uk/exhibitor/the-wheat-bag-company
The Yorkshire Candle Company Limited,https://homeandgift.co.uk/exhibitor/the-yorkshire-candle-company-limited
Thistle Gem Ltd,https://homeandgift.co.uk/exhibitor/thistle-gem-ltd
Tilley and Grace,https://homeandgift.co.uk/exhibitor/tilley-and-grace
"Tilnar Art, Besmo & MO-HOme",https://homeandgift.co.uk/exhibitor/tilnar-art-besmo--mo-home
Toasted Crumpet,https://homeandgift.co.uk/exhibitor/toasted-crumpet-77e635c8
Toolally Jewellery,https://homeandgift.co.uk/exhibitor/toolally-jewellery-bf584167
Top Trusty Industrial International co ltd,https://homeandgift.co.uk/exhibitor/top-trusty-industrial-international-co-ltd
Troika,https://homeandgift.co.uk/exhibitor/troika-61218683
Troop London UK Ltd,https://homeandgift.co.uk/exhibitor/troop-london-uk-ltd
Two Little Mice Ltd,https://homeandgift.co.uk/exhibitor/two-little-mice-ltd-5dce8daa
Two Little Monkeys,https://homeandgift.co.uk/exhibitor/two-little-monkeys
Twospoons,https://homeandgift.co.uk/exhibitor/twospoons
Tyrrell Katz,https://homeandgift.co.uk/exhibitor/tyrrell-katz
Umbellifer,https://homeandgift.co.uk/exhibitor/umbellifer
Underdog Studio,https://homeandgift.co.uk/exhibitor/underdog-studio-a48599a6
Vent for Change,https://homeandgift.co.uk/exhibitor/vent-for-change-7c1ef2c5
Victorian Silver Jewels,https://homeandgift.co.uk/exhibitor/victorian-silver-jewels-13cd0337
Vintage Child,https://homeandgift.co.uk/exhibitor/vintage-child
Virtual Candles Ltd,https://homeandgift.co.uk/exhibitor/virtual-candles-ltd-dd4c656e
VKF of Worcester,https://homeandgift.co.uk/exhibitor/vkf-of-worcester
Welink Ltd,https://homeandgift.co.uk/exhibitor/welink-ltd
We Love Seasons Ltd,https://homeandgift.co.uk/exhibitor/we-love-seasons-ltd
We Love Seasons Ltd,https://homeandgift.co.uk/exhibitor/we-love-seasons-ltd
Welsh Connection,https://homeandgift.co.uk/exhibitor/welsh-connection
White Cotton Cards,https://homeandgift.co.uk/exhibitor/white-cotton-cards
Willsow Ltd,https://homeandgift.co.uk/exhibitor/willsow-ltd
Wilton Bradley Ltd,https://homeandgift.co.uk/exhibitor/wilton-bradley-ltd
Wishstrings,https://homeandgift.co.uk/exhibitor/wishstrings
Witts Design,https://homeandgift.co.uk/exhibitor/witts-design
Woodcutter Creations,https://homeandgift.co.uk/exhibitor/woodcutter-creations
Wrendale Designs Ltd,https://homeandgift.co.uk/exhibitor/wrendale-designs-ltd
Zelly UK,https://homeandgift.co.uk/exhibitor/zelly-uk
