name,website
ABitQuackers,www.abitquackers.com
AC Jade Trading Ltd,www.signaretapestry.com
Alpha Toys Ltd,www.alpha-toys.co.uk
Amber Hall Jewellery,www.amberhall.com
Ambiente Europe B.V,www.ambiente.eu
Angel Bones,www.angelbones.co.uk
Atmosphere Publishing Ltd,www.atmosphere.co.uk
Aurora World Ltd,www.auroraworld.co.uk
Babbacombe Pottery Collection / BLP,www.babbacombepottery.co.uk
Baileys Pewter,
Batik Indah,www.batikindah.co.uk
Baytree Candies,www.baytreecandies.co.uk
Beach Art Glass,www.beachartglass.com
Berserks Glass Works,www.berserks.co.uk
Betty Hula,www.bettyhula.co.uk
Billy Belt,www.billybelt.com
Black Dog,www.blackdogtiles.com
Bluelily925silver,www.bluelily925silver.com
Boyce & Company Packaging Ltd,www.boycepackaging.co.uk
Bramble Foods Ltd,www.bramblefoods.com
Brett & Leni Handrafted Jewellery,www.brettandleni.com
British Fossils,www.britishfossils.co.uk
Broadlands Pottery,www.broadlandspottery.co.uk
Business Mentors South West,www.businessmentorssouthwest.co.uk
Cap Marine,www.jeromepugh.com
Casa Grande Ltd,www.casagrande.co.uk
Catherine Kleeli Cards,www.catherinekleeli.co.uk
Celtic and Welsh Jewellery,www.celticandwelshjewellery.co.uk
CGB Giftware,www.cgbgiftware.co.uk
Charles Taylor Trading Ltd,www.charlestaylortrading.com
Chris Cayne Menswear,www.chriscayne.com/
Clarence & Bean Ltd,www.clarenceandbean.co.uk
Cloverzone,www.cloverzone.co.uk
Coastal Accessories,www.coastaluk.com
Cornish Bird in the Sticks,www.cornishbirdinthesticks.co.uk
Cornish Magpie,www.cornishmagpie.co.uk
Delight Imports Ltd,
Dolphin Minerals,www.dolphinminerals.com
Dorrigo,www.dorrigo.co.uk
Dunoon,www.dunoonmugs.co.uk
Eggnogg Colour-in,www.eggnogg.co.uk
Elgate Products Ltd,www.elgate.co.uk
Elran Ltd,www.avivsilver.co.uk
Emagination Store,www.emaginationstore.com
Emmeline Simpson,www.emmelinesimpson.co.uk
EYELEVEL SUNGLASSES,www.eyelevel-uk.com
F&J Collection,www.fjcollection.co.uk
Farrah's of Harrogate Ltd,www.farrahs.com
Fashion X Factor Ltd,www.xfactorwholesale.co.uk
Gift Time Ltd,www.gift-time-products.co.uk
Gifted Wholesale,
Hacche Retail Ltd,www.hacche.co.uk
Glebe Cottage Ltd,www.glebecottage.co.uk
Global Journey Ltd,www.global-journey.com
Go Jute Ltd,www.gojute.co.uk
Gone Crabbing,www.gonecrabbing.co.uk
Granny Moff Design,www.grannymoff.com
Grasshopper Ltd,www.grasshopper.ltd.uk
Gringo Imports,www.gringo.uk.com
GWP UK Ltd,www.gwpukltd.com
Halligan Raby Ltd,www.halliganraby.co.uk
Henderson Group,www.jkhenderson.co.uk
Heritage Playing Card Company,www.heritagetradesales.com
High Tide Jewellery,www.hightidejewellery.com
Hockin & Roberts Ltd,www.hockinandroberts.com
Hootchie Mama,www.hootchiemama.co.uk
Insect Lore Europe,www.insectlore.co.uk
Instant Gifts International Ltd,www.instant-gifts.co.uk
JBA,www.jbasouvenirs.com
Jo Thomas Jewellery,www.jothomasjewellery.co.uk
Just Cards Direct,www.justcardswholesale.com
KandyToys Ltd of Exeter,www.kandytoys.co.uk
Gullz R Loud by KayCee,www.kayceedesign.com
Kernowspa,www.kernowspa.co.uk
Kevin Robinson Collection,www.kevinrobinsonartist.co.uk
Kingfisher Giftwear,www.kingfishergiftwear.com
Koseli Handmade,www.koselihandmade.co.uk
Lang's,www.richardlang.co.uk
Leaf Gifts Ltd,www.leafgifts.com
Letol,www.letol.fr
Little Spring Ltd,www.littlespring.co.uk
Love That Stuff,www.fairtradewholesale.com
Lucy's Farm,www.lucysfarm.co.uk
Lyonesse Designs,
Meg Hawkins Art,meghawkins.com
Mele & Co.,www.meleandco.com
Miss Beaujangles,www.missbeaujangles.co.uk
Moda Express Limited,www.moda-express.com
Moocow Studios Ltd,www.moocowstudios.co.uk
Morrigan Ltd,www.morriganltd.com
Mousqueton,www.mousqueton.eu
Mulberry Studios Ltd,www.mulberrystudios.co.uk
Natures Beeswax Cornwall,www.naturesbeeswaxcornwall.co.uk
Nauticalia,www.nauticalia-trade-sales.com
Norfolk China Ltd,www.norfolkchina.com
Otter House Ltd,www.otterhouse.co.uk
Out and About Images,www.outandaboutimages.co.uk
Outdoor Leisurewear Ltd,www.outdoorleisurewear.co.uk
Outstanding Map Distributors Ltd,
Pachamama Ltd,www.pachamamaknitwear.com
Panopoly UK,www.panopoly.co.uk
Paradise Jewellery,www.paradisejewellery.net
Payment Sense Ltd,www.paymentsense.com
Penny Gaj,www.pennygaj.co.uk
Pineapple Island Ltd,www.pineapple-island.com
Pink Lemons,www.pinklemons.boutique
Pip Portley Jewellery,
Pixelhobby UK,www.pixelhobby.org.uk
Pocket Money Plus Ltd,www.pmpuk.net
Pop Up Designs,www.popupdesigns.co.uk
Price's Candles,www.prices-candles.co.uk
Primus (A Perry Ltd),www.primus.co.uk
Proctor & Clark,www.proctorandclark.co.uk
Puckator Ltd,www.puckator.co.uk
Purbeck Candles,www.purbeckcandles.co.uk
Quay Traders Ltd,www.quaytraders.com
Really Good,www.reallygood.uk.com
Reeves & Reeves,www.reevesandreeves.com
Rockshop Wholesale,www.rockshopwholesale.com
Roelofs & Rubens,roelofsrubens.co.uk
Royal County Products,www.royalcountyproducts.com
S H Sales (Nottingham) Ltd,www.shsalesnottingham.co.uk
Salcombe Dairy (UK) Ltd,www.salcombedairy.co.uk
Salvage Society,www.salvagesociety.co.uk
Sandscript Cards,www.sandscriptcards.co.uk
SDL Imports Ltd - Gifts & Toys,www.sdlimports.co.uk
Shoptill-e.com,www.shoptill-e.com
Silver Jewellery Cavern,www.silverjewellerycavernwholesale.co.uk
SK Style Ltd,www.skstyle.co.uk
Small World,www.smallworldscot.co.uk
Smile Jewellery Ltd,www.smilejewellery.co.uk
SSP Hats Ltd,www.ssphats.net
Stands Out Ltd,www.stands-out.co.uk
Stock4U,www.stock4u.biz
Stonewashed Clothing Co Ltd,www.stonewashedclothingcompany.co.uk
Strawberry Design & Marketing Ltd,www.strawberrystationery.co.uk
Studio 27 Souvenirs Ltd,www.studio27.studio
Suki Gifts International Ltd,www.sukigifts.com
Superbia Fashion Ltd,italianaccessories.net
Susannah Hall Agencies Ltd,
Talbot Fashions LLP,www.talbotfashions.com
Terra Bella Gems,www.terrabellagems.co.uk
The Bug Store,www.thebugstoreuk.co.uk
The Cats Whiskers,www.cwsilver.co.uk
The Cornish Workshop,www.thecornishworkshop.co.uk
The Crafty Kit Company,www.craftykitcompany.com
The Cream of the Westcountry,
The Dartmoor Skincare Company,www.dartmoorskincare.co.uk
The Eco-Friendly Card Co,www.ecofriendly.cards
The Eye Glass Holding Co Ltd,
The Puppet Company Ltd.,www.thepuppetcompany.com
The Sea Shed Ltd,www.theseashed.com
The Sugar Shed,www.thesugarshed.co.uk
Tilnar Art,www.tilnarart.co.uk
TWF International Ltd,www.thewetsuitfactory.com
TWS Trading Ltd,www.twstrading.co.uk
TY UK Ltd,www.ty.com
Viking Sport & Leisure Ltd,www.vikingsportandleisure.co.uk
VKF of Worcester,www.vkfofworcestertrade.co.uk
Wallchart Company,www.wallchart.co
Westair Reproductions Ltd,www.westair.co.uk
Western Counties Wholesale Ltd,www.westerncounties.co.uk
Wilberry,www.wilberrytoys.com
William Lamb Group Ltd,www.wlamb.co.uk
Wilton Bradley Ltd,www.wiltonbradley.co.uk
Witts Design,www.wittsdesign.com
Woven Magic,www.wovenmagic.com
Yellow Publications Ltd,www.yellowpublications.co.uk
Zoo Land,www.our-homemade-gifts.com
